<?xml version="1.0" encoding="utf-8" ?><?xml-stylesheet type="text/xsl" href="helma.xsl"?>
<xmlroot xmlns:hop="http://helma.org/documentation">
  <hopobject id="t83890658" name="HopObject" prototype="HopObject" created="1427822735594" lastModified="1427822735594">
    <exporter>NeonWilderness</exporter>
    <creator>NeonWilderness</creator>
    <fullexport type="boolean">false</fullexport>
    <alias>foundation5skin</alias>
    <preferences id="t83890659" name="preferences" prototype="HopObject" created="1427822735594" lastModified="1427822735594"><hop:parent idref="t83890658" prototyperef="HopObject"/>
      <bgcolor>ffffff</bgcolor>
      <copyright>NeonWilderness</copyright>
      <orientation>2c_center_left</orientation>
      <textfont>Trebuchet MS, Verdana, Arial</textfont>
      <titlefont>Trebuchet MS, Verdana, Arial</titlefont>
      <textsize>13px</textsize>
      <titlesize>16px</titlesize>
      <vlinkcolor>666666</vlinkcolor>
      <smallcolor>999999</smallcolor>
      <titlecolor>444444</titlecolor>
      <linkcolor>666666</linkcolor>
      <importantimages>header</importantimages>
      <email>neonwilderness@ymail.com</email>
      <allowedorientations>2c_center_left;2c_center_right;2c_left_left;2c_left_right</allowedorientations>
      <alinkcolor>666666</alinkcolor>
      <linecolor>ffffff</linecolor>
      <smallfont>Trebuchet MS, Verdana, Arial</smallfont>
      <blockcolor>e6e6e6</blockcolor>
      <smallsize>11px</smallsize>
      <textcolor>333333</textcolor>
    </preferences>
    <createtime type="date">31.03.2015 19:25:35 CET</createtime>
    <title>foundation5skin</title>
    <exporttime type="date">31.03.2015 19:25:35 CET</exporttime>
    <locale>de</locale>
    <modifytime type="date">31.03.2015 19:25:35 CET</modifytime>
    <description>Responsives Twoday-Skin basierend auf Foundation 5 von Zurb. (C) 2015 NeonWilderness</description>
  </hopobject>
</xmlroot>